{
  "precision": 0.08733624454148471,
  "recall": 1.0,
  "f1": 0.1606425702811245,
  "score_distribution": {
    "mean": 0.42508389623030407,
    "std": 0.32310196451796963,
    "p70": 0.602916501521385,
    "p90": 0.9998295485412352,
    "p99": 0.9999999902585629,
    "above_070": 229,
    "above_090": 136
  },
  "norm_min": 0.4324287559342455,
  "norm_max": 0.5350830127759232,
  "n_estimators": 200,
  "contamination": 0.3
}