{
  "precision": 0.8583333333333333,
  "recall": 0.6866666666666666,
  "f1": 0.762962962962963,
  "score_distribution": {
    "mean": 0.40121795132267857,
    "std": 0.3406782728538557,
    "p70": 0.5707156427287841,
    "p90": 0.9999355143224667,
    "p99": 0.9999999931093201,
    "above_070": 240,
    "above_090": 154
  },
  "norm_min": 0.41889732123662526,
  "norm_max": 0.5640208791353732,
  "n_estimators": 200,
  "contamination": 0.3
}