{
  "precision": 0.8695652173913043,
  "recall": 0.6666666666666666,
  "f1": 0.7547169811320755,
  "score_distribution": {
    "mean": 0.40045092710456065,
    "std": 0.3327941879835489,
    "p70": 0.5296498077040215,
    "p90": 0.9992536364524459,
    "p99": 0.9999999928988452,
    "above_070": 23,
    "above_090": 15
  },
  "norm_min": 0.42305959675914395,
  "norm_max": 0.563881761375517,
  "n_estimators": 200,
  "contamination": 0.3
}